pr_id,estado,tipo,regla,antes,despues,correcto
3783599847,2,exacta,AvoidDeeplyNestedIfStmts,"CodenameOne/src/com/codename1/ui/animations/CommonTransitions.java:895 if (dir) { m = createMotion(-travelDestination, 0, speed); } else { m = createMotion(travelDestination, 0, speed); }","CodenameOne/src/com/codename1/ui/animations/CommonTransitions.java:895 if (dir) { m = createMotion(-travelDestination, 0, speed); } else { m = createMotion(travelDestination, 0, speed); }",sí
3783599847,1,exacta,CollapsibleIfStatements,CodenameOne/src/com/codename1/ui/Container.java:2395 if (absY + paddingTop < safeY1) { newPaddingTop = safeY1 - absY; },CodenameOne/src/com/codename1/ui/Container.java:2395 if (absY + paddingTop < safeY1) { newPaddingTop = safeY1 - absY; },sí
3526768331,1,exacta,AvoidDeeplyNestedIfStmts,CodenameOne/src/com/codename1/impl/CodenameOneImplementation.java:2654 if(radialGradientCache == null) { radialGradientCache = new Hashtable(); },CodenameOne/src/com/codename1/impl/CodenameOneImplementation.java:2654 if(radialGradientCache == null) { radialGradientCache = new Hashtable(); },sí
3783599847,1,exacta,AvoidDeeplyNestedIfStmts,CodenameOne/src/com/codename1/ui/Container.java:2414 if (newPaddingBottom != paddingBottom) { style.setPaddingUnitBottom(Style.UNIT_TYPE_PIXELS); style.setPaddingBottom(newPaddingBottom); },CodenameOne/src/com/codename1/ui/Container.java:2414 if (newPaddingBottom != paddingBottom) { style.setPaddingUnitBottom(Style.UNIT_TYPE_PIXELS); style.setPaddingBottom(newPaddingBottom); },sí
3783599847,4,exacta,AvoidReassigningParameters,CodenameOne/src/com/codename1/charts/views/BarChart.java:187 xMax = temp;,CodenameOne/src/com/codename1/charts/views/BarChart.java:187 xMax = temp;,sí
3940935974,2,exacta,AvoidDeeplyNestedIfStmts,"langchain4j-mcp/src/main/java/dev/langchain4j/mcp/client/transport/http/StreamableHttpMcpTransport.java:167 if (!isRetry) { initialize(StreamableHttpMcpTransport.this.initializeRequest) .thenAccept(node -> { execute(context, true) .thenAccept(future::complete)","langchain4j-mcp/src/main/java/dev/langchain4j/mcp/client/transport/http/StreamableHttpMcpTransport.java:169 if (!isRetry) { initialize(StreamableHttpMcpTransport.this.initializeRequest) .thenAccept(node -> { execute(context, true) .thenAccept(future::complete)",sí
3769974631,0,exacta,AvoidDeeplyNestedIfStmts,"src/main/java/fr/clementgre/pdf4teachers/document/render/display/PageRenderer.java:231 if(PaintTab.draggingElement == null){ // Add to document PaintTab.draggingElement = item.addToDocument(false, true); PaintTab.draggingElement.checkLocation(e.getX() - PaintTab.draggingElement.getWidth() / 2, e.getY() - PaintTab.draggingElement.getHeight() / 2, false); }","src/main/java/fr/clementgre/pdf4teachers/document/render/display/PageRenderer.java:231 if(PaintTab.draggingElement == null){ // Add to document PaintTab.draggingElement = item.addToDocument(false, true); PaintTab.draggingElement.checkLocation(e.getX() - PaintTab.draggingElement.getWidth() / 2, e.getY() - PaintTab.draggingElement.getHeight() / 2, false); }",sí
3526768331,1,exacta,AvoidDeeplyNestedIfStmts,CodenameOne/src/com/codename1/ui/geom/GeneralPath.java:2618 if (rxt < -DELTA || rxt > DELTA) { // Inflection point continue; },CodenameOne/src/com/codename1/ui/geom/GeneralPath.java:2618 if (rxt < -DELTA || rxt > DELTA) { // Inflection point continue; },sí
3761767355,1,exacta,AvoidDeeplyNestedIfStmts,"vm/ByteCodeTranslator/src/com/codename1/tools/translator/ByteCodeClass.java:1797 if(bf.getType() != null) { return bf.getType().endsWith(""String""); }","vm/ByteCodeTranslator/src/com/codename1/tools/translator/ByteCodeClass.java:1797 if(bf.getType() != null) { return bf.getType().endsWith(""String""); }",sí
3552563546,1,exacta,AvoidDeeplyNestedIfStmts,"ojp-server/src/main/java/org/openjproxy/grpc/server/StatementServiceImpl.java:399 if (ps != null) { ParameterHandler.addParametersPreparedStatement(sessionManager, dto.getSession(), ps, params); }","ojp-server/src/main/java/org/openjproxy/grpc/server/StatementServiceImpl.java:399 if (ps != null) { ParameterHandler.addParametersPreparedStatement(sessionManager, dto.getSession(), ps, params); }",sí
3723094248,0,exacta,AvoidDeeplyNestedIfStmts,"opencga-catalog/src/main/java/org/opencb/opencga/catalog/utils/FileScanner.java:297 if (uri.getPath().endsWith(""/"")) { file = catalogManager.getFileManager().createFolder(study.getFqn(), Paths.get(filePath).toString(), true, null, QueryOptions.empty(), sessionId).first(); } else { start = System.currentTimeMillis();","opencga-catalog/src/main/java/org/opencb/opencga/catalog/utils/FileScanner.java:297 if (uri.getPath().endsWith(""/"")) { file = catalogManager.getFileManager().createFolder(study.getFqn(), Paths.get(filePath).toString(), true, null, QueryOptions.empty(), sessionId).first(); } else { start = System.currentTimeMillis();",sí
3769974631,5,exacta,UnusedLocalVariable,src/main/java/fr/clementgre/pdf4teachers/interfaces/KeyboardShortcuts.java:310 Optional<ShortcutRecord> first = lazyShortcuts.stream(),src/main/java/fr/clementgre/pdf4teachers/interfaces/KeyboardShortcuts.java:318 Optional<ShortcutRecord> first = lazyShortcuts.stream(),sí
3723094248,4,exacta,CognitiveComplexity,"opencga-catalog/src/main/java/org/opencb/opencga/catalog/io/PosixIOManager.java:477 public FileContent head(Path file, long offset, int lines) throws CatalogIOException {","opencga-catalog/src/main/java/org/opencb/opencga/catalog/io/PosixIOManager.java:477 public FileContent head(Path file, long offset, int lines) throws CatalogIOException {",sí
3437673678,3,exacta,AvoidReassigningParameters,desktop/src/com/frostwire/gui/bittorrent/CreateTorrentDialog.java:383 chosenFile = chosenFile.getParentFile();,desktop/src/com/frostwire/gui/bittorrent/CreateTorrentDialog.java:383 chosenFile = chosenFile.getParentFile();,sí
3783599847,3,exacta,CognitiveComplexity,"CodenameOne/src/com/codename1/ui/Container.java:2605 boolean moveScrollTowards(int direction, Component next) {","CodenameOne/src/com/codename1/ui/Container.java:2605 boolean moveScrollTowards(int direction, Component next) {",sí
3769974631,5,misma_entidad,CognitiveComplexity,src/main/java/fr/clementgre/pdf4teachers/interfaces/KeyboardShortcuts.java:50 public KeyboardShortcuts(Scene main){,src/main/java/fr/clementgre/pdf4teachers/interfaces/KeyboardShortcuts.java:50 public KeyboardShortcuts(Scene scene){,sí
3526768331,0,misma_entidad,CognitiveComplexity,"CodenameOne/src/com/codename1/impl/CodenameOneImplementation.java:3439 private final int swapBidiChars(char[] chars, int ixStart, int len, int index) {","CodenameOne/src/com/codename1/impl/CodenameOneImplementation.java:3437 private int swapBidiChars(char[] chars, int ixStart, int len, int index) {",sí
3723094248,0,misma_entidad,AvoidDeeplyNestedIfStmts,"opencga-catalog/src/main/java/org/opencb/opencga/catalog/managers/FileManager.java:1165 if (!checksum.equals(expectedChecksum)) { throw new CatalogIOException(""MD5 Checksum mismatch!"" + "" Expected checksum: '"" + expectedChecksum + ""', actual checksum: '"" + checksum + ""'."" + "" Error uploading file "" + file.getPath()); }","opencga-catalog/src/main/java/org/opencb/opencga/catalog/managers/FileManager.java:1165 if (!checksum.equals(expectedChecksum)) { throw new CatalogIOException(""SHA-256 Checksum mismatch!"" + "" Expected checksum: '"" + expectedChecksum + ""', actual checksum: '"" + checksum + ""'."" + "" Error uploading file "" + file.getPath()); }",sí
3783599847,0,misma_entidad,AvoidDeeplyNestedIfStmts,CodenameOne/src/com/codename1/ui/TextSelection.java:327 if (evt.getEventType() == ActionEvent.Type.PointerPressed) { startX = evt.getX(); startY = evt.getY(); startDragHandleX = dh.getAbsoluteX(); startDragHandleY = dh.getAbsoluteY();,CodenameOne/src/com/codename1/ui/TextSelection.java:326 if (evt.getEventType() == ActionEvent.Type.PointerPressed) { startX = evt.getX(); startY = evt.getY(); startSelectedBounds.setBounds(selectedBounds); inSelectionDrag = true;,sí
3761767355,0,misma_entidad,AvoidDeeplyNestedIfStmts,"vm/ByteCodeTranslator/src/com/codename1/tools/translator/ByteCodeClass.java:1336 if(!(bf.isFinal() && bf.getValue() != null && !writableFields.contains(bf.getFieldName()))) { b.append(""extern ""); b.append(bf.getCDefinition()); b.append("" STATIC_FIELD_""); b.append(clsName);","vm/ByteCodeTranslator/src/com/codename1/tools/translator/ByteCodeClass.java:1376 if(!(bf.isFinal() && bf.getValue() != null && !writableFields.contains(bf.getFieldName()))) { b.append(""extern ""); b.append(bf.getCStorageDefinition()); b.append("" STATIC_FIELD_""); b.append(clsName);",sí
4073619725,4,misma_entidad,CognitiveComplexity,src/main/java/com/shaft/driver/internal/DriverFactory/OptionsManager.java:194 private synchronized void setSeleniumManagerOptions(MutableCapabilities options) {,src/main/java/com/shaft/driver/internal/DriverFactory/OptionsManager.java:196 private void setSeleniumManagerOptions(MutableCapabilities options) {,sí
3562231060,1,misma_entidad,SimplifyBooleanReturns,android/src/main/java/kjd/reactnative/bluetooth/RNBluetoothClassicModule.java:293 if (Build.VERSION.SDK_INT >= Build.VERSION_CODES.S) { return getReactApplicationContext().checkSelfPermission(Manifest.permission.BLUETOOTH_SCAN) == PackageManager.PERMISSION_GRANTED; },android/src/main/java/kjd/reactnative/bluetooth/RNBluetoothClassicModule.java:295 if (context == null) { return false; },no
3552563546,4,misma_entidad,CollapsibleIfStatements,"ojp-server/src/main/java/org/openjproxy/grpc/server/StatementServiceImpl.java:1446 if (errorMsg.contains(""ORA-6550"") || errorMsg.contains(""ORA-24756"")) { log.error(""Oracle XA Error: The database user may not have required XA privileges. "" + ""Required grants: SELECT ON sys.dba_pending_transactions, sys.pending_trans$, sys.dba_2pc_pending; "" + ""EXECUTE ON sys.dbms_system; FORCE ANY TRANSACTION; or GRANT XA_RECOVER_ADMIN (Oracle 12c+)""); }","ojp-server/src/main/java/org/openjproxy/grpc/server/StatementServiceImpl.java:1446 if (errorMsg.contains(""ORA-6550"") || errorMsg.contains(""ORA-24756"") || errorMsg.contains(""ORA-24757"")) { log.error(""Oracle XA Error: The database user may not have required XA privileges. "" + ""All of the following must be granted: "" + ""GRANT SELECT ON sys.dba_pending_transactions TO user; "" + ""GRANT SELECT ON sys.pending_trans$ TO user; "" +",sí
3803296638,2,misma_entidad,CognitiveComplexity,"modules/portal/portal-impl/src/main/java/com/enonic/xp/portal/impl/idprovider/PortalRequestAdapter.java:91 private static void baseUri( final HttpServletRequest from, PortalRequest result )",modules/portal/portal-impl/src/main/java/com/enonic/xp/portal/impl/idprovider/PortalRequestAdapter.java:78 private static void baseUri( PortalRequest result ),sí
3526768331,0,misma_entidad,AvoidDeeplyNestedIfStmts,"CodenameOne/src/com/codename1/components/WebBrowser.java:123 if(enc.indexOf('/') > -1) { if(enc.indexOf(""charset="") > -1) { enc = enc.substring(enc.indexOf(""charset="") + 8); } else { enc = DocumentInfo.ENCODING_UTF8;","CodenameOne/src/com/codename1/components/WebBrowser.java:124 if(enc.indexOf(""charset="") > -1) { enc = enc.substring(enc.indexOf(""charset="") + 8); } else { enc = DocumentInfo.ENCODING_UTF8; }",no
3723094248,0,misma_entidad,CollapsibleIfStatements,"opencga-catalog/src/main/java/org/opencb/opencga/catalog/managers/FileManager.java:1165 if (!checksum.equals(expectedChecksum)) { throw new CatalogIOException(""MD5 Checksum mismatch!"" + "" Expected checksum: '"" + expectedChecksum + ""', actual checksum: '"" + checksum + ""'."" + "" Error uploading file "" + file.getPath()); }","opencga-catalog/src/main/java/org/opencb/opencga/catalog/managers/FileManager.java:1165 if (!checksum.equals(expectedChecksum)) { throw new CatalogIOException(""SHA-256 Checksum mismatch!"" + "" Expected checksum: '"" + expectedChecksum + ""', actual checksum: '"" + checksum + ""'."" + "" Error uploading file "" + file.getPath()); }",sí
3264573288,3,misma_entidad,AvoidDeeplyNestedIfStmts,ojp-server/src/main/java/org/openjdbcproxy/grpc/server/StatementServiceImpl.java:180 if (!DbName.H2.equals(dbName)) { sessionManager.waitLobStreamsConsumption(dto.getSession()); },ojp-server/src/main/java/org/openjdbcproxy/grpc/server/StatementServiceImpl.java:162 if (!DbName.SQL_SERVER.equals(dto.getDbName())) {//SQL server treats binary streams differently sessionManager.waitLobStreamsConsumption(dto.getSession()); },sí
3815680128,4,misma_entidad,CognitiveComplexity,fe/fe-core/src/main/java/com/starrocks/extension/DefaultExtensionContext.java:127 public DefaultExtensionContext.ConstructorMetadata registerConstructor(Class<?> clazz) {,fe/fe-core/src/main/java/com/starrocks/extension/DefaultExtensionContext.java:102 public ConstructorMetadata registerConstructor(Class<?> clazz) {,sí
3437673678,0,misma_entidad,CognitiveComplexity,"desktop/src/com/frostwire/gui/bittorrent/TorrentUtil.java:192 private static void makeTorrentAndDownload(final File file, final UITorrentMakerListener uiTorrentMakerListener, final boolean showShareTorrentDialog, boolean dhtTrackedOnly) {","desktop/src/com/frostwire/gui/bittorrent/TorrentUtil.java:215 private static void makeTorrentAndDownload(final File file, final UITorrentMakerListener uiTorrentMakerListener, final boolean showShareTorrentDialog, boolean dhtTrackedOnly, TorrentType torrentType) {",sí
3815680128,2,misma_entidad,CognitiveComplexity,fe/fe-core/src/main/java/com/starrocks/extension/DefaultExtensionContext.java:126 private ConstructorMetadata resolveConstructor(Class<?> clazz) {,fe/fe-core/src/main/java/com/starrocks/extension/DefaultExtensionContext.java:126 public ConstructorMetadata resolveConstructor(Class<?> clazz) {,sí
3902872473,5,orden_en_entidad,AvoidDeeplyNestedIfStmts,backend/src/main/java/io/papermc/hangar/security/annotations/visibility/VisibilityRequiredAuthorizationManager.java:83 if (this.projectVisibilityService.checkVisibility(projectTable) != null) { return granted(); },backend/src/main/java/io/papermc/hangar/security/annotations/visibility/VisibilityRequiredAuthorizationManager.java:83 if (this.projectVisibilityService.checkVisibility(projectTable) != null) { return this.granted(); },sí
3902872473,5,orden_en_entidad,AvoidDeeplyNestedIfStmts,backend/src/main/java/io/papermc/hangar/security/annotations/visibility/VisibilityRequiredAuthorizationManager.java:106 if (this.projectVersionVisibilityService.checkVisibility(projectVersionTable) != null) { return granted(); },backend/src/main/java/io/papermc/hangar/security/annotations/visibility/VisibilityRequiredAuthorizationManager.java:106 if (this.projectVersionVisibilityService.checkVisibility(projectVersionTable) != null) { return this.granted(); },sí
3902872473,5,orden_en_entidad,AvoidDeeplyNestedIfStmts,backend/src/main/java/io/papermc/hangar/security/annotations/visibility/VisibilityRequiredAuthorizationManager.java:87 if (this.projectService.getProjectTable(slug) != null) { return granted(); },backend/src/main/java/io/papermc/hangar/security/annotations/visibility/VisibilityRequiredAuthorizationManager.java:87 if (this.projectService.getProjectTable(slug) != null) { return this.granted(); },sí
3902872473,5,orden_en_entidad,AvoidDeeplyNestedIfStmts,backend/src/main/java/io/papermc/hangar/security/annotations/visibility/VisibilityRequiredAuthorizationManager.java:98 if (this.projectVersionVisibilityService.checkVisibility(projectVersionTable) != null) { return granted(); },backend/src/main/java/io/papermc/hangar/security/annotations/visibility/VisibilityRequiredAuthorizationManager.java:98 if (this.projectVersionVisibilityService.checkVisibility(projectVersionTable) != null) { return this.granted(); },sí
3902872473,3,movido,SimplifyBooleanReturns,backend/src/main/java/io/papermc/hangar/security/authorization/PermissionRequiredAuthorizationManager.java:154 if (intersect.isNone()) { return false; },backend/src/main/java/io/papermc/hangar/security/annotations/permission/PermissionRequiredAuthorizationManager.java:154 if (intersect.isNone()) { return false; },sí
3902872473,3,movido,AvoidDeeplyNestedIfStmts,backend/src/main/java/io/papermc/hangar/security/authorization/VisibilityRequiredAuthorizationManager.java:87 if (this.projectService.getProjectTable(slug) != null) { return granted(); },backend/src/main/java/io/papermc/hangar/security/annotations/visibility/VisibilityRequiredAuthorizationManager.java:87 if (this.projectService.getProjectTable(slug) != null) { return granted(); },sí
3902872473,3,movido,CognitiveComplexity,"backend/src/main/java/io/papermc/hangar/security/authorization/PermissionRequiredAuthorizationManager.java:81 private void checkPermission(Authentication auth, Long userId, MethodInvocation methodInvocation, PermissionRequired annotation) {","backend/src/main/java/io/papermc/hangar/security/annotations/permission/PermissionRequiredAuthorizationManager.java:81 private void checkPermission(Authentication auth, Long userId, MethodInvocation methodInvocation, PermissionRequired annotation) {",sí
3902872473,3,movido,AvoidDeeplyNestedIfStmts,backend/src/main/java/io/papermc/hangar/security/authorization/VisibilityRequiredAuthorizationManager.java:83 if (this.projectVisibilityService.checkVisibility(projectTable) != null) { return granted(); },backend/src/main/java/io/papermc/hangar/security/annotations/visibility/VisibilityRequiredAuthorizationManager.java:83 if (this.projectVisibilityService.checkVisibility(projectTable) != null) { return granted(); },sí
3902872473,3,movido,CognitiveComplexity,"backend/src/main/java/io/papermc/hangar/security/authorization/VisibilityRequiredAuthorizationManager.java:52 public AuthorizationDecision check(Supplier<Authentication> authentication, MethodInvocation methodInvocation) {","backend/src/main/java/io/papermc/hangar/security/annotations/visibility/VisibilityRequiredAuthorizationManager.java:52 public AuthorizationDecision check(Supplier<Authentication> authentication, MethodInvocation methodInvocation) {",sí
