pr_id,regla,archivo,clase,metodo,desde,hasta,estados_totales,categoria,causa_desaparicion,correcto
3783599847,UnusedPrivateField,CodenameOne/src/com/codename1/components/SplitPane.java,SplitPane.Settings,,0,0,7,eliminado,diagnostico_desaparece,sí
3526768331,AvoidDeeplyNestedIfStmts,CodenameOne/src/com/codename1/components/ToastBar.java,ToastBar,getToastBarComponent,0,0,3,eliminado,diagnostico_desaparece,sí
3767602710,CognitiveComplexity,app/src/main/java/com/akylas/enforcedoze/ForceDozeService.java,ForceDozeService,exitDoze,0,1,4,eliminado,diagnostico_desaparece,sí
3761767355,AvoidDeeplyNestedIfStmts,vm/ByteCodeTranslator/src/com/codename1/tools/translator/ByteCodeClass.java,ByteCodeClass,generateCCode,0,0,3,indeterminado,ambiguo,sí
3526768331,CollapsibleIfStatements,CodenameOne/src/com/codename1/components/ToastBar.java,ToastBar,getToastBarComponent,0,0,3,eliminado,diagnostico_desaparece,sí
3803296638,SimplifyBooleanReturns,modules/portal/portal-impl/src/main/java/com/enonic/xp/portal/impl/handler/SlashApiHandler.java,SlashApiHandler,verifyRequestMounted,0,2,6,eliminado,diagnostico_desaparece,sí
3783599847,UnusedPrivateField,CodenameOne/src/com/codename1/maps/MapComponent.java,MapComponent,,0,0,7,eliminado,diagnostico_desaparece,sí
3723094248,AvoidDeeplyNestedIfStmts,opencga-catalog/src/main/java/org/opencb/opencga/catalog/managers/FileManager.java,FileManager,upload,0,4,6,eliminado,diagnostico_desaparece,sí
3769974631,CollapsibleIfStatements,src/main/java/fr/clementgre/pdf4teachers/interfaces/windows/MainWindow.java,MainWindow,MainWindow,2,5,7,transitorio,diagnostico_desaparece,sí
3769974631,EmptyCatchBlock,src/main/java/fr/clementgre/pdf4teachers/panel/sidebar/toc/TocTab.java,TocTab,buildOutlineTree,1,4,7,transitorio,diagnostico_desaparece,sí
3523327685,AvoidDeeplyNestedIfStmts,src/main/java/dk/tbsalling/aismessages/nmea/NMEAMessageHandler.java,NMEAMessageHandler,acceptInternal,3,3,6,transitorio,entidad_eliminada,no
3526768331,CollapsibleIfStatements,CodenameOne/src/com/codename1/components/ScaleImageLabel.java,ScaleImageLabel,getPreferredW,0,0,3,eliminado,diagnostico_desaparece,sí
3783599847,UnusedPrivateField,CodenameOne/src/com/codename1/ui/Display.java,Display,,0,0,7,eliminado,diagnostico_desaparece,sí
3526768331,UnusedPrivateField,CodenameOne/src/com/codename1/impl/CodenameOneImplementation.java,CodenameOneImplementation,,0,0,3,eliminado,diagnostico_desaparece,sí
3526768331,UnusedPrivateField,CodenameOne/src/com/codename1/facebook/Post.java,Post,,0,0,3,eliminado,diagnostico_desaparece,sí
3783599847,UnusedPrivateField,CodenameOne/src/com/codename1/io/gzip/Inflater.java,Inflater,,0,0,7,eliminado,diagnostico_desaparece,sí
3783599847,UnusedPrivateField,CodenameOne/src/com/codename1/components/SplitPane.java,SplitPane.Settings,,0,0,7,eliminado,diagnostico_desaparece,sí
3526768331,CollapsibleIfStatements,CodenameOne/src/com/codename1/components/SliderBridge.java,SliderBridge,actionPerformed,0,0,3,eliminado,diagnostico_desaparece,sí
3783599847,UnusedPrivateField,CodenameOne/src/com/codename1/components/SplitPane.java,SplitPane.Settings,,0,0,7,eliminado,diagnostico_desaparece,sí
3815680128,CognitiveComplexity,fe/fe-core/src/main/java/com/starrocks/extension/DefaultExtensionContext.java,DefaultExtensionContext,registerConstructor,4,5,12,transitorio,diagnostico_desaparece,no
