pr_id,estado,sha,archivos_presentes,archivos_con_error
3940935974,0,506a3914e4ddfb947a8f2a3ca267c499e10cdcc3,1,0
3940935974,1,7c3388df971402a40c74996e348c8ec5d2648d05,1,0
3940935974,2,d3ae32413afa766077a861b794779117f96cb501,1,0
3940935974,3,8f9b96d62ad809fff9630272ddd209a41880c154,1,0
3940935974,4,4ecc1ae38e348d7ba53ad2a822380dc510102421,2,0
3940935974,5,108e3cca56e19cfb31b0a324bc818924a296cb7e,1,0
3940935974,6,e73bbb9ad1fe20ecc940fcfbf961f004826d6ed6,1,0
3751098999,0,e3463a0adfe0cb8d4111f751c5ff68b18f68fca8,3,0
3751098999,1,65c9aa260e4b592fef09115747b0245beae58a47,3,0
3751098999,2,dccb214cb30798acd3d8d7a1906490e5f418b901,3,0
3751098999,3,6a76a798ee798df7caa65a2061f98a7038aa1f1e,3,0
3751098999,4,5b41f4960615ea8405a7fa75a55942442ec8a84a,3,0
3751098999,5,b70a4637b3fd33b8830e0c2f60a45af2785a179f,3,0
3751098999,6,f08b30e022226b9d1c8de6d102418ff8502a4f82,3,0
3751098999,7,00040b63f46553c536c3b817ad8f8e43e8eba288,3,0
3751098999,8,037a1b738b910e2ab17ba147b56252b79d799b7a,3,0
3751098999,9,9466e24564130d42e67dbe63583d6522f88c0361,3,0
3751098999,10,9ed04c7bcac9802bf2cd5d72a073fba0f481a229,3,0
4113039889,0,ba231dbb3cc19abc126a8bc6b9d9d7b3d08b2722,14,0
4113039889,1,8a40661a95c65ac65d59f415d6416ad427970325,14,0
4113039889,2,784d3f191743008893b40b60f045ab6be6b990ce,15,0
4113039889,3,20c6df93b28d793ef1040a1ad2d1f2be26724df0,15,0
4113039889,4,1e61980dd2c6ff09289429bc1af55218c8282ce7,15,0
4113039889,5,e6a8de5483be6ccbb52f710bee1d3c6473a4b6a9,15,0
4113039889,6,d142e6839e35bfe92bb43d4d18af2fcc87fa5fa7,19,0
4113039889,7,d5a7268106f2cdf66aa9507312b0238989bc5cbb,19,0
4113039889,8,b19649ac3bc8b9b72730ba28981552efba180da7,19,0
3902872473,0,f67763fbd711130a0936813ff72b603fb580dc30,27,0
3902872473,1,c57b4dc6a1b0d38aff1bfa804c3409bae4be6fd4,27,0
3902872473,2,11bab60500e6a800a5b8241330b4a12ce1462df4,35,0
3902872473,3,b5cceaf7fbe4bb94ed0e2826c149ad0325979b64,35,0
3902872473,4,f89a17a465116a7dfe29754053df4d0fb8c86392,20,0
3902872473,5,8f7984449fd79b38577b0ebf05bff07864e4d39a,20,0
3902872473,6,0d7de689603d63dcc2fb694d8550bed7f7654ed2,20,0
3902872473,7,fd09958ed344a9cd8b3976f4df9b75811634fea4,20,0
3902872473,8,9f7ac3621fd2b4685b98fbf0dc6b2c1cd8b17d9e,20,0
3902872473,9,51c87be5868a3c79d11b0bf54e0c72688a15b2ae,20,0
3902872473,10,c3d495af1b0a7fe5a74daf50bf4f7061a568385d,20,0
3902872473,11,d4d97d4f63212a6036be5a36ec7d33a39f42154e,20,0
3902872473,12,33ba25724192bff247dc89f777ac667a93338fe7,20,0
3902872473,13,948802b456c6256dafe1dbdb91e8cc74ff90e476,20,0
3783599847,0,085dde32ecd9bb23eaaf4bba817c7f7fad97ba70,22,0
3783599847,1,4776110811ececaf8bdad137269c0cf017703744,22,0
3783599847,2,87ffe2acf7760fbf716a196255c1378e83710b23,22,0
3783599847,3,6ff7987c66a758b9cba93c48e4ea944fb78d476e,22,0
3783599847,4,4b617760ce6d663486881c6e9b43b880e70561f0,22,0
3783599847,5,36c6feefd588808b70664b4819db222022aa9cc1,22,0
3783599847,6,1fb10305b92709396f92365b0d99fb32ea2db732,22,0
3523327685,0,63cf0dd54e5fa5ecffb5daa23fc9bc1ff7da7fc1,2,0
3523327685,1,a8cd9302b642067ab6fe01375082be6c8603a163,2,0
3523327685,2,cc52faaf34a84a3891b6120422efdb930fb4c10c,2,0
3523327685,3,117b219bf1374cdcb69accb2e2ac876df044a4e4,2,0
3523327685,4,a82837f830a8d70e19095681cdcdd86713fc4def,2,0
3523327685,5,d262b2dbdfcc07964b7555dfa21918f49510abb0,3,0
3523327685,6,a99a80314ca91faa3b58a8ca332d35b150125681,3,0
3526768331,0,986f516790a27fdc1e1d39b7a1d273e08e83689b,17,0
3526768331,1,d90308a508202461651e47a5dbbcdaa1e91a5c39,17,0
3526768331,2,dd3805b73b3962c757e5721767387b45050f0d1c,17,0
3767602710,0,68fb0a2edcdcd42d8e90a651ad21837c59bc8970,1,0
3767602710,1,6d69d14d8da0e7ea569ca2e39d8c971399075b96,1,0
3767602710,2,aa287907a20aeacbf50c444d059799d88e4e0d40,1,0
3767602710,3,bbd054b32b5ccdb331a6a50fcc1391266d8686b9,1,0
3767602710,4,ddc575c9b4c12067b2d96c0eb28abff106231836,1,0
3994588891,0,b2de51dd948e093f48c9229f28e18514ec841534,1,0
3994588891,1,77d24c68d64f6f6436a47e46e52713643c19ff13,1,0
3994588891,2,007b5a01bedb73e5f4ca7126df07b7ba9a6dc097,1,0
3994588891,3,4db170fa6ec02b0f3e2b0747b9a1a07fe6f9678e,1,0
3994588891,4,00fc46d2ea3f04396dc43052445b9cb62140c071,1,0
3264573288,0,2b087925b09accf0cbb9d5439e5de01f79ebd6db,10,0
3264573288,1,e1dac3a944597e603ab0a84d47bdfc1f2361e453,10,0
3264573288,2,6357807361b7c645fa98fda7606822055b64a240,10,0
3264573288,3,1c279b84407629daa742d5e0f76a8c50436a9c3a,10,0
3264573288,4,c7dc16953a59c7235731f6e1acf911b3c1a986bf,10,0
3264573288,5,b5d68eebe2d6cf98eb6d8853625e67d3aa843f43,10,0
3264573288,6,d6adadd6d1287503cc4581b4253c0c3a91a842aa,10,0
3264573288,7,ddbc3247d8e47a531143b1735bd057c76e314673,10,0
3264573288,8,65cee4be10dd9b59985fa7f18b47f26ac206a125,10,0
3264573288,9,482a4ff93c9386b77422df66b24c6b2f87998acc,11,0
3264573288,10,683ab6ea6deddec29b803ac4f3155383ca46fc80,11,0
3264573288,11,0848b092a31fae84ce8f7c3b49fa1638ddff0aba,11,0
3264573288,12,c630314cdbe256b35eee9f8e3de9681cacec7b57,12,0
3264573288,13,8e3b01d1c57ee7c7ffc724fd723b74a04ee12443,13,0
3562231060,0,15bf12f01204c3c72a005b62d4d9d35fc666e120,1,0
3562231060,1,3ab585f61e8e0614cdcda528c09443f963e45682,1,0
3562231060,2,e67abb090edecee3a0679c14ffca0c05f8e6ea3e,1,0
3562231060,3,bfe2e3e3e609e4db53eaa8eb342f353bfc60f482,1,0
3769974631,0,63eefe832d67a1530a4c952e0a0fd99ae83c0f89,15,0
3769974631,1,aa23d8b81305a029120f519b292d2e00ae8dd359,15,0
3769974631,2,3b96bf5062b16df9c70ad580a920ea618985338a,19,0
3769974631,3,b2c246561bdbdfeb6bd64a2d98bcddac269f0b0e,19,0
3769974631,4,83c1e55994a588a442d6624e99d914a71a6a612a,19,0
3769974631,5,2895139993599ce61143173252de8f24c0ba99d5,19,0
3769974631,6,f152fdca07a79aeda97a20849a224cf83bc1a047,19,0
3769974631,7,e0b96f85f792eef1ea3d3bee1fbb84d7b21c48ed,19,0
3837458181,0,503f832c5a10bc4b5e39e8d124a78edb4eb63b9d,1,0
3837458181,1,51be3ea2dff07eb25870510b8baff9f462b661c8,1,0
3837458181,2,1bd88e54f925edb3c81fd78e3517798aefc52cdb,1,0
3837458181,3,b3fdb8697fd284c1355c470f65d3613006b32bfb,1,0
3815680128,0,74da7c06c5a2e318b49233ef31e470553fc7eec2,5,0
3815680128,1,a008142c708706e0d7d36befea2c74e8ed330919,5,0
3815680128,2,e560a451e5317094c5ee26612c29ad1386423dbb,6,0
3815680128,3,0b9d7d055a92285cd333e18a4860504c98b05a6b,6,0
3815680128,4,c0d7957cc7216b95b76626e5e37e72a1a05bca70,6,0
3815680128,5,ffdadcdd0677623cdb17ce30861d55548bf64f91,6,0
3815680128,6,10bf49246787b482b0d6cb76609a29375bf7737e,7,0
3815680128,7,648652a13f7f74584f8ee8693f8a4f450baf0b59,7,0
3815680128,8,7732e351258fe4403695bf00b6da14bc8ca4fa6c,7,0
3815680128,9,4d94c6978dd1f7b21d239b91a4803dc25d4e3b25,7,0
3815680128,10,9453e3c289f41f0757e1ae8951f42d9b53504e35,7,0
3815680128,11,0448dd4c2f8b397093374556e575a39d44757918,7,0
3815680128,12,620d369b8edc3533806ca0496d10e7b3e43ee507,7,0
3815680128,13,c4cefe1e395f026324bfc70823c1b195556de018,7,0
3815680128,14,c15f56afa5477efea025e597631b9d33628b6b2f,7,0
3723094248,0,84c1a8468d907c3a7cc61c0e2566a23e73e4c344,5,0
3723094248,1,d9db1be687bb02bcddf571858e1eb20ccc3d5520,5,0
3723094248,2,eba74f223ff67d04756c3a1daa3e62e21e0e3f4c,5,0
3723094248,3,7a0ebf3cb300d26621ba28c52597830af28db344,5,0
3723094248,4,2afac13e99e5f80df9b9233c81b5423e244c5fd5,5,0
3723094248,5,0d75391463fbbfd03fa02ac6f40291cd96e49db8,5,0
3723094248,6,c51eb01c25449281e0ba53e61f9ed7cfc4b224df,5,0
4024919716,0,2d78d2d11f0aa9a3d180afd40e7c650154fa7a12,2,0
4024919716,1,7042daef1c02b20212d610c92063d208cd62f962,2,0
4024919716,2,a7ccf7e75b346a1a00c4a049fc2ff83ed9325e5c,2,0
4024919716,3,43960e2cee1568a73bdf95587c8ec2e7e6eb6e41,2,0
3552563546,0,dc96abcf98189f8249d982132eab82bdbda4a8a0,1,0
3552563546,1,c44b160b0e5efbaa1b7a1b18a879f24a8e2e3c7d,1,0
3552563546,2,fe45a8a42c4ad9aa1693e0c7da03f8de975aee5e,1,0
3552563546,3,aedce97a6edc0519700fbe9650c1f4bbf64ecd46,1,0
3552563546,4,5ba8c3f0101e6ef844c7ebeeffefe51d33e5bd89,1,0
3552563546,5,6a7acbd9a913e7ba89e19a4bd5925e36b14af574,1,0
3552563546,6,9e016b3086af91d3539714ea24c79d23ef7f7835,1,0
3552563546,7,b2cf1e7f8ba081c3df9abbba25a9964061206bde,1,0
3552563546,8,242dca55a96b74ea40a847caea0259f7359c6e73,1,0
3552563546,9,2587c5661742d3c4b087d6908d2087d628720ea4,1,0
3552563546,10,e896196d561d2d817ff59cd3888bc497115a3179,1,0
3552563546,11,e31a983c120129813399893543422e2b7d256398,1,0
3552563546,12,602d2ff13adc394bf44e2eeb99c62a0b8198786c,1,0
3552563546,13,4620990858313acaac6b8c2e19875b132bc491be,1,0
3552563546,14,c8516459e305fa4a9f89e5ce68beb55abdcd7208,1,0
3552563546,15,faddd9ffd0ce8cd9e5fce43a7aa1131e48f1085f,1,0
3552563546,16,e21f51ea6658a72a810e8f808385941d94adf88c,2,0
3552563546,17,767b39374519be82b4368ed8499a7bfd79cec532,2,0
3552563546,18,647fee39edcda1e6ab426129d2d318e941f4a4a0,2,0
3552563546,19,3cb79051d16e155db10dbe97bfa495ac3f3cc482,2,0
3552563546,20,747f72b67eb9dad3b3501c7cb87f0c3cfe9cabaf,2,0
3552563546,21,2485a7080fb72befb731e55ceec1e69d6165af17,2,0
3552563546,22,5e2b0dac1629e1bcc5af6d3e51e147d0ea17648d,2,0
3552563546,23,de6d2bed97d5ff594778245f32caa7d005f9ffdf,2,0
3552563546,24,da626f1740bf6106ea5fd3d15042d8b9af225c0e,2,0
3552563546,25,099189b478f2a3d8694c432da2895127b9a492fd,2,0
3552563546,26,9ba31bda93c231f47da6e3632438c4d080298240,2,0
3552563546,27,b8de4471e4e51ab6693455335b175532f481d596,2,0
3552563546,28,90ddcd7f9d72e676137e931342d29134b9f03c48,2,0
3759155187,0,5cfba82072e35e0f1d926582517657f6e911e848,1,0
3759155187,1,7bbd4139091de74eea640ce9aabd50d7bc90018a,1,0
3759155187,2,ae4cd99bd11c5f176e0d9b25f577bf7ac5b791d4,1,0
3759155187,3,cc922b8941d04b682867f8796286c963ed3e92ba,1,0
3761767355,0,dd342533665b447eff5f3c21f499b034822dece0,2,0
3761767355,1,8661c24e832b6cf806459aa7042edf57ddcdbcbc,2,0
3761767355,2,59e76be0a08dd46818901652af221feb4fb90666,2,0
3654992141,0,c43f0ae89c048280a414578925fbb045a4dd233b,3,0
3654992141,1,7034d8360535f167c1ffcb639baf22b59e39aeea,3,0
3654992141,2,9f2c4b7154c70af8ca45fb59d59c8b85b8feb398,3,0
3654992141,3,577d35bf5f4276556473f852bb2ab88a31012a1d,3,0
4073619725,0,cb937d5c1bca7ac7f154497fce588f746a3644f4,18,0
4073619725,1,3c14b9e298771b02c6ccc9af85f891e4092ccf67,18,0
4073619725,2,49864ef78cf3c910ee9c4732462a1bf96e623be9,18,0
4073619725,3,e615335adca4916ce76cf2dab8b370c1e7ef52e6,18,0
4073619725,4,46110a84911f782c58c4418e8c607245f3bc24f9,18,0
4073619725,5,acc71d5fb6acc0aab9e66baaab0a8a49a2593b4e,18,0
4073619725,6,d15a14922218d63908f82d59719a698deb0c00db,18,0
4073619725,7,74c9c510b2071c1c3fd0e88b6cbcda0f59df8255,18,0
3749961466,0,6d44704ab24fe0553912fd897dc8e8aa938cbf7b,2,0
3749961466,1,75141c09ca15f956d6cead8ef05d16d734c58f09,2,0
3749961466,2,0d9728d7469729299af171dbb6e308469c1bf334,2,0
3749961466,3,2c86969bdf78ddad3b2fd942b1e86be267adc6c7,2,0
3749961466,4,9d91288fe7b9dc1ff9bb598241fa5575bc290b2e,2,0
3827869634,0,373d9fa5f1de74700cb31e85b6a60a182aa839e1,2,0
3827869634,1,8512374940a5390f56d2e93fd6885fe001f86fee,2,0
3827869634,2,742e757f1d7d8f30e2877178fd1d2258e15985b0,2,0
3827869634,3,59b728f59c79ffce0e35b20a5a848fff3097c5a3,2,0
3803296638,0,18025626320c01c9cdf97474f4adffbdf75398ab,44,0
3803296638,1,d5ede86f146503e342eda075d7c086a069bfa87d,44,0
3803296638,2,a6c15a0cb0fcb08bb90cbac3dbd7970b997470c7,44,0
3803296638,3,4a0bc04e930596e951978a888b34e9ae44539a45,44,0
3803296638,4,6506b0284843e07c9441cf9238fe73233423d674,44,0
3803296638,5,2c3c5c2504b9c827791aef518e83e25963953845,44,0
3803296638,6,5ef27bc6f19844656b9f807e41fa922e54bec932,44,0
3437673678,0,fa046c9f333c7da31ef991e41ea43f8309995d86,5,0
3437673678,1,60a63ee1d79dbc9ee19b9501c6c7e26e454504f6,5,0
3437673678,2,359a0a2edda5333f461462f47487ef4e21d4f329,6,0
3437673678,3,f600a603c87b113b6aa37daef80858717c922e5c,6,0
3437673678,4,dcd5c67a8e587fe800c9997d4fdf5b4142f8198d,6,0
3437673678,5,fbf76acc6eec18d452f646f4459d9ed87e948bc3,6,0
3437673678,6,250aa76bfa904570cc7b5ef50cb4a13e8630cd84,6,0
